bm25_time_ms,confidence,config_hash,context_filled,deduped,fallback_used,filter_in,filter_out,filter_pass_rate,gen_time_ms,gold,hard_blocked,id,k_total,key_tokens,merged,model_name,neighbor_added,no_answer,numeric_preservation,overlap_ratio,pred,question,rerank_time_ms,score,snippet_warn_count,sources,total_time_ms,vector_time_ms
15,0.76727890491348,efeba260aa17,1,70,none,70,6,0.9142857142857143,11767,"고산 정수장 시스템 사용자 설명서의 발주기관은 한국수자원공사이며, 사업명은 금강 유역 남부 스마트 정수장 확대 구축 용역입니다.",0,1,7,"['고산', '정수장', '시스템', '사용자', '설명서의', '발주기관과', '사업명은', '무엇인가요']",70,llama3:8b-instruct-q4_K_M,0,0,1.0,0.47058823529411764,"문서에서 해당 정보를 확인할 수 있습니다. 문서의 목차 부분에 다음과 같은 정보가 있습니다.

* 발주기관: 한국수자원공사
* 사업명: 금강 유역남부 스마트 정수장 확대 구축 용역",고산 정수장 시스템 사용자 설명서의 발주기관과 사업명은 무엇인가요?,16,1.0,73,7,12991,35
17,0.592925440706589,efeba260aa17,1,78,none,78,6,0.9230769230769231,5229,"이 시스템 사용자 설명서는 2025년 2월 17일에 발행되었고, (주)에셈블 컨소시엄에서 작성했습니다.",0,2,7,"['시스템', '사용자', '설명서의', '발행일은', '언제이며', '어떤', '컨소시엄에서', '작성했나요']",78,llama3:8b-instruct-q4_K_M,0,0,1.0,0.3162393162393162,문서에서 해당 정보를 확인할 수 없습니다.,"이 시스템 사용자 설명서의 발행일은 언제이며, 어떤 컨소시엄에서 작성했나요?",16,0.0,59,7,6720,28
17,0.7197081006555817,efeba260aa17,1,81,none,81,3,0.9629629629629629,10172,고산 정수장에 대한 단계별 시운전 및 성능 검증 시험 운전 완료에 따라 지사 중심의 AI 자율 운영과 전 공정 선택적 자율 운영 등 시스템의 활용성 강화 및 안정적인 운영을 위한 전반적인 정보를 제공하는 것입니다.,0,3,7,"['시스템', '사용자', '설명서의', '주요', '목적은', '무엇인가요']",81,llama3:8b-instruct-q4_K_M,0,0,1.0,0.4533333333333333,"이 시스템 사용자 설명서의 주요 목적은 금강 유역남부스마트 정수장 확대 구축 용역에 해당하는 시스템을 사용하여 운영 및 모니터링하는 데 필요한 정보를 제공하는 것입니다. Specifically, it provides information on how to use the system's features and functions, including data monitoring, alarm management, and control of various processes such as water treatment, energy consumption, and carbon emission reduction.",이 시스템 사용자 설명서의 주요 목적은 무엇인가요?,17,0.4347826086956522,71,7,11784,33
15,0.7394328502056777,efeba260aa17,1,71,none,71,4,0.9436619718309859,5375,AI 플랫폼 대시보드 주소는 http://waio-portal-vip:10011 또는 http://10.103.11.112:10011 입니다.,0,4,7,"['ai', '플랫폼', '대시보드에', '접속하기', '위한', '주소', 'url', '무엇인가요']",71,llama3:8b-instruct-q4_K_M,0,0,1.0,0.43434343434343436,AI 플랫폼 대시보드에 접속하기 위한 주소는 http://waio-portal-vip:10011입니다.,AI 플랫폼 대시보드에 접속하기 위한 주소(URL)는 무엇인가요?,17,1.0,91,7,6584,30
15,0.8188463779189403,efeba260aa17,1,73,none,73,0,1.0,17417,기본 관리자 계정의 아이디와 비밀번호는 모두 KWATER입니다.,0,5,9,"['ai', '플랫폼에', '로그인할', '사용할', '있는', '기본', '관리자', '계정의', '아이디와', '비밀번호는', '무엇인가요']",73,llama3:8b-instruct-q4_K_M,0,0,1.0,0.6190476190476191,"According to the provided user manual, the default administrator account for logging into the AI platform is not specified. However, it is recommended to create a new administrator account with a unique username and password.

It's also important to note that the manual does not provide any information on how to reset the default administrator account or its password. If you are having trouble accessing the system, it may be best to contact the system administrator or support team for assistance.

Additionally, as an AI model, I can suggest some possible reasons why the default administrator account might be locked or inaccessible:

* The account might have been disabled or deleted by a previous user.
* The password might have expired or been changed without notice.
* The account might be configured to require additional authentication methods, such as two-factor authentication.

If you are experiencing issues with logging into the system, I recommend trying to reset your password or contacting the support team for assistance.",AI 플랫폼에 로그인할 때 사용할 수 있는 기본 관리자 계정의 아이디와 비밀번호는 무엇인가요?,18,0.0,119,9,18791,41
19,0.75955902972656,efeba260aa17,1,80,none,80,4,0.95,14556,"자율 운영 대시보드는 상단 영역, 좌측 사이드바 영역, 중앙 콘텐츠 영역, 우측 메뉴 영역의 4가지 영역으로 구성됩니다.",0,6,9,"['ai', '플랫폼의', '자율', '운영', '대시보드는', '크게', '가지', '영역으로', '나누어지나요']",80,llama3:8b-instruct-q4_K_M,0,0,1.0,0.6216216216216216,"The AI platform's autonomous operation dashboard is divided into the following main areas:

1. 상단 영역 (Top Area): This area displays the login function and provides access to various features of the system.
2. 중앙 콘텐츠 영역 (Central Content Area): This area is where most of the interactive elements are located, including graphs, charts, and data visualizations that provide real-time information on the water treatment process.
3. 하단 영역 (Bottom Area): This area typically contains additional features such as help menus, system settings, and other miscellaneous functions.

Please note that these areas may vary depending on the specific implementation of the AI platform and its customized design for a particular water treatment plant.",AI 플랫폼의 자율 운영 대시보드는 크게 몇 가지 영역으로 나누어지나요?,16,0.4,142,9,16567,41
25,0.6581588826051736,efeba260aa17,1,68,none,68,9,0.8676470588235294,19805,"정수 수요량과 정수지 수위를 참고하여 목표 수위를 결정하고, 원수 유입 밸브 개도율을 예측하는 데 활용됩니다.",0,7,10,"['착수', '공정에서', 'ai', '모델은', '어떤', '목표', '수위를', '결정하고', '원수', '유입', '밸브', '개도율을', '예측하기', '위해', '활용되나요']",68,llama3:8b-instruct-q4_K_M,0,0,1.0,0.47878787878787876,"According to the documentation, in the ""착수 공정"" (Initial Stage) of the system, the AI model is utilized to determine a target water level and predict the inflow valve opening rate.

Here are the specific steps:

1. The AI model uses data from recent years (2018-2022) and real-time data to define the input variables, including:
	* Inflow total flow rate
	* Water quality parameters (e.g., pH, turbidity)
	* Chemical dosing rates
	* Activated carbon injection rates
2. The model uses these inputs to predict the target water level.
3. Based on the predicted water level and other factors, such as inlet valve opening times and chemical dosing schedules, the AI model predicts the inflow valve opening rate.

The system utilizes an XGB (Extreme Gradient Boosting) model for this prediction task, which has been shown to have high performance in terms of accuracy and generalization. The model is trained using a dataset consisting of 60% training data, 20% testing data, and 20% validation data.",착수 공정에서 AI 모델은 어떤 목표 수위를 결정하고 원수 유입 밸브 개도율을 예측하기 위해 활용되나요?,23,0.0,20,10,21434,44
23,0.832446845141893,efeba260aa17,1,69,none,69,7,0.8985507246376812,18811,"제어 임계치 설정, 채터링 방지 설정, 제어 스텝 설정, 1지 2지 군집 유량 분배 등을 고려합니다.",0,8,9,"['착수', '공정의', '유입', '밸브', '개도', '예측', '알고리즘', '선정', '고려', '사항은', '무엇인가요']",69,llama3:8b-instruct-q4_K_M,0,0,1.0,0.7350427350427351,"According to the text, when selecting a prediction algorithm for the intake valve opening prediction in the start-up process, the following factors should be considered:

1. **Data characteristics**: The model should be chosen based on the characteristics of the collected data.
2. **Model selection**: The model should be selected considering its performance and accuracy in predicting the intake valve opening.
3. **Hyperparameter tuning**: The hyperparameters of the model should be tuned to improve its performance.
4. **Model evaluation**: The performance of multiple models should be compared and evaluated to select the best one.

These factors are considered important when selecting a prediction algorithm for the start-up process, as they can affect the accuracy and reliability of the predictions made by the model.

Please note that this is based on my understanding of the text, and I may not have fully grasped the context or nuances of the information provided. If you would like me to clarify any further points or provide additional insights, please feel free to ask!",착수 공정의 유입 밸브 개도 예측 알고리즘 선정 시 고려 사항은 무엇인가요?,20,0.6,18,9,20288,34
14,0.6394529804028012,efeba260aa17,1,71,none,71,8,0.8873239436619719,13932,‘분석’ 모드에서는 예측값이 실제 SCADA에 적용되지 않습니다.,0,9,9,"['착수', '공정의', 'ai', '운영', '모드', '분석', '모드의', '특징은', '무엇인가요']",71,llama3:8b-instruct-q4_K_M,0,0,1.0,0.31683168316831684,"A QA section for the 정수장 시스템 user manual!

Here's my answer to your question:

For the ""Analysis"" mode in the AI operating mode of the 착수 공정 (Intake Process), its characteristic is that it allows for predictive analysis and simulation of the intake process without actually executing the commands. This mode is useful for testing scenarios, analyzing data, and predicting outcomes before making actual changes to the system.

In other words, the ""Analysis"" mode provides a sandbox environment where users can experiment with different scenarios, test hypotheses, and analyze data without affecting the actual operation of the system.",착수 공정의 AI 운영 모드 중 '분석' 모드의 특징은 무엇인가요?,19,0.0,59,9,15251,35
23,0.7188237145364523,efeba260aa17,1,67,none,67,8,0.8805970149253731,12016,"원수 알칼리도, pH, 온도, 전기전도도, 탁도 등이 입력변수로 사용됩니다.",0,10,9,"['약품', '공정', 'ai', '모델의', '입력변수로', '사용되는', '원수', '수질', '인자들은', '무엇인가요']",67,llama3:8b-instruct-q4_K_M,0,0,1.0,0.47368421052631576,"According to the provided document, the input variables for the AI model in the약품 (chemical) process of the 정수장 (water treatment plant) are:

* 원수 탁도 (water turbidity)
* pH
* 전기전도도 (electric conductivity)

These variables are used as inputs to predict the optimal dosage of chemicals required for water treatment.

Note that this information is based on the specific document provided, and may not be applicable to other systems or processes.",약품 공정 AI 모델의 입력변수로 사용되는 원수 수질 인자들은 무엇인가요?,21,1.0,31,9,13669,51
16,0.7294385239256445,efeba260aa17,1,58,none,58,6,0.896551724137931,17648,"최종 선정된 모델은 N-beats이며, LSTM, GRU, GBR 모델들과 비교했을 때 R² Score가 더 높았기 때문입니다.",0,11,9,"['약품', '공정에서', '응집제', '주입률', '예측', '모델로', '최종', '선정된', '모델과', '선정', '사유는', '무엇인가요']",58,llama3:8b-instruct-q4_K_M,0,0,0.5,0.47058823529411764,"I'd be happy to help you with your question!

According to the text, the final selected model for predicting coagulant injection rate in the treatment process is a Random Forest algorithm.

The reason for selecting this model is that it showed high accuracy and robustness in predicting coagulant injection rates based on various factors such as water quality data (pH, alkalinity, etc.), flow rate, and coagulant types. The model was trained and validated using a dataset of 5 years' worth of data (2018-2022) and real-time data.

The Random Forest algorithm was chosen because it is a robust and interpretable machine learning method that can handle high-dimensional data and provide accurate predictions even with noisy or missing values. Additionally, the model was evaluated using various metrics such as R-squared value (97%) to ensure its performance and reliability.

I hope this answers your question! Let me know if you have any further questions.",약품 공정에서 응집제 주입률 예측 모델로 최종 선정된 모델과 그 선정 사유는 무엇인가요?,24,0.5652173913043479,34,9,18752,44
15,0.5961457651412185,efeba260aa17,1,76,none,76,4,0.9473684210526315,6585,응집지별 각 교반기의 회전속도 설정값(RPM)을 산출하고 적용하는 것이 목표입니다.,0,12,7,"['혼화응집', '공정', 'ai의', '목표는', '무엇이며', '어떤', '값을', '산출하는', '것인가요']",76,llama3:8b-instruct-q4_K_M,0,0,1.0,0.18095238095238095,문서에서 해당 정보를 확인할 수 없습니다. 혼화응집 공정 AI 모델의 목표와 출력 값은 문서에 nowhere specified입니다.,"혼화응집 공정 AI의 목표는 무엇이며, 어떤 값을 산출하는 것인가요?",19,0.0,95,7,8135,35
16,0.7167657330209986,efeba260aa17,1,70,none,70,8,0.8857142857142857,11523,"원수 탁도, 유입 총 유량, 응집제 주입률, NaOH 주입률, 활성탄 투입률이 초기 입력변수로 사용됩니다.",0,13,7,"['침전', '공정', 'ai', '모델의', '초기', '입력변수는', '무엇인가요']",70,llama3:8b-instruct-q4_K_M,0,0,1.0,0.48,"I'll do my best to provide an accurate answer based on the provided user manual.

According to the user manual, the initial input variables for the sedimentation process AI model are:

* 유입 유량 (inflow flow rate)
* 원수 탁도 (water temperature)
* 응집제 주입률 (coagulant injection rate)

Please note that these variables may be subject to change depending on the specific implementation of the AI model and the requirements of the smart water treatment system.",침전 공정 AI 모델의 초기 입력변수는 무엇인가요?,19,0.4347826086956522,11,7,12867,32
19,0.7570039699089064,efeba260aa17,1,73,none,73,2,0.9726027397260274,15739,슬러지 발생량은 원수 탁도(0.72)와 응집제 주입률(0.7)과 가장 높은 양의 상관관계를 보입니다.,0,14,8,"['슬러지', '발생량과', '가장', '높은', '양의', '상관관계를', '보이는', '변수는', '무엇이며', '상관계수는', '얼마인가요']",73,llama3:8b-instruct-q4_K_M,0,0,1.0,0.5655172413793104,"According to the user manual, the variable that shows the highest correlation with sludge generation is ""여과지 가동시간 (Sludge treatment time)"" with a correlation coefficient of 0.76 (+). This indicates that as the sludge treatment time increases, the amount of generated sludge also tends to increase.

Here's the relevant section from the manual:

""여과지 가동시간은 계열(계속적으로) 계열(계속적으로) 로 높은 양의 상관관계를 가짐 - A 0.76(+), B 0.71(+)""
(""The sludge treatment time shows a high positive correlation with the amount of generated sludge, with a coefficient of 0.76 (+)."")

I hope this helps! Let me know if you have any further questions.","슬러지 발생량과 가장 높은 양의 상관관계를 보이는 변수는 무엇이며, 그 상관계수는 얼마인가요?",18,1.0,13,8,17191,43
15,0.632172133236922,efeba260aa17,1,71,none,71,7,0.9014084507042254,14600,"여과 공정 운영 지수 예측, 여과지별 수위 예측, 역세척 스케줄 결정을 목표로 합니다.",0,15,7,"['여과', '공정', 'ai', '모델의', '목표는', '무엇인가요']",71,llama3:8b-instruct-q4_K_M,0,0,1.0,0.4,"😊

The goal of the filtration process (여과 공정) AI model is to predict and optimize the operation of the filtration system in the smart water treatment plant.

In particular, the AI model aims to:

1. Predict the optimal operating conditions for the filtration system based on real-time data from sensors and historical data.
2. Optimize the operation of the filtration system to minimize energy consumption and maximize water quality.
3. Provide predictive maintenance recommendations to prevent equipment failures and reduce downtime.
4. Offer real-time monitoring and control capabilities to ensure efficient and safe operation of the filtration system.

By achieving these goals, the AI model helps to improve the overall performance and efficiency of the smart water treatment plant, while also reducing costs and environmental impacts. 💧",여과 공정 AI 모델의 목표는 무엇인가요?,18,1.0,31,7,15939,37
17,0.7868356776486766,efeba260aa17,1,64,none,64,5,0.921875,21077,"LSTM(Long Short-Term Memory Network)이 선정되었으며, R² 성능이 가장 높고 시계열 데이터 모델링에 적합하기 때문입니다.",0,16,9,"['여과', '공정의', '운영', '지수', '여과지', '수위', '예측', '모델로', '선정된', '모델과', '선정', '사유는', '무엇인가요']",64,llama3:8b-instruct-q4_K_M,0,0,0.0,0.539568345323741,"According to the user manual, the selected model for predicting the operating indices and water level of the filtration process is XGB (Extreme Gradient Boosting).

The reason for selecting this model is that it showed the best performance in terms of accuracy and generalization ability. The F1 score, which measures the model's overall performance, was highest among all the models tested.

Here are some key features of the selected XGB model:

* Parallel processing during training, which makes it faster than other models
* Regularization techniques and ensemble learning methods to improve its accuracy and generalization ability
* Has won many awards in various competitions

The comparison results between different models, including LSTM-GRU, are as follows:

| Model | R² | MAE | MSE |
| --- | --- | --- | --- |
| XGB | 0.972 | 0.406 | 0.854 |
| LSTM-GRU | 0.865 | 0.533 | 1.012 |

Based on these results, the XGB model was selected as the best performing model for predicting the operating indices and water level of the filtration process.

Please let me know if you have any further questions or concerns!",여과 공정의 운영 지수 및 여과지 수위 예측 모델로 선정된 모델과 선정 사유는 무엇인가요?,20,1.0,12,9,22296,33
15,0.599728078318914,efeba260aa17,1,71,none,71,3,0.9577464788732394,15898,"체류시간 내 잔류염소 예측, 잔류염소 농도 유지를 위한 투입량 예측, 전차염 주입량 결정을 목표로 합니다.",0,17,7,"['소독', '공정', 'ai', '모델의', '목표는', '무엇인가요']",71,llama3:8b-instruct-q4_K_M,0,0,1.0,0.4,"문서에서 소독 공정 AI 모델의 목표는 다음과 같습니다.

소독 공정 중차염 플랫폼 및 기능에 따르면, AI 모델의 목표는 ""수유를위한 예측치와 실제 수유량을 비교하여 제어할 필요가 있는지 여부를 판단하는 것""입니다.

소독 공정 후차염 플랫폼 및 기능에는 AI 모델이 ""예측치와 실제 수유량을 비교하여 제어할 필요가 있는지 여부를 판단하고, 필요한 경우 제어를 수행하는 것""으로 목표가 정의되어 있습니다.

따라서 소독 공정 AI 모델의 목표는 예측치를 실제 수유량과 비교하여 제어할 필요가 있는지 여부를 판단하고, 필요한 경우 제어를 수행하는 것입니다.",소독 공정 AI 모델의 목표는 무엇인가요?,19,1.0,29,7,17232,32
16,0.7389853756009753,efeba260aa17,1,60,none,60,5,0.9166666666666666,19148,소독 공정 전차염 주입률 예측 모델(LSTM)의 R² 값은 0.95입니다.,0,18,9,"['소독', '공정', '전차염', '주입률', '예측', '모델의', '성능평가', '결과', '값은', '얼마인가요']",60,llama3:8b-instruct-q4_K_M,0,0,0.0,0.5897435897435898,"The answer is not explicitly stated in the provided text. However, we can look for relevant information.

In Section 2.2.11, ""소독 공정"" (Disinfection Process), it mentions that the disinfection process aims to predict the coagulant injection rate using AI models. The table shows the predicted results for two scenarios: one with a target residual chlorine level of 0.35 and another with a target residual chlorine level of 0.7.

We can see that the N-beats model (MAE: 0.82, MSE: 2.22, RMSE: 1.49, R²: 0.80) is used for one scenario, while the GBR model (MAE: 0.86, MSE: 2.24, RMSE: 1.50, R²: 0.81) is used for another scenario.

However, we cannot find the specific R² value mentioned in the text for the disinfection process's coagulant injection rate prediction model. If you need more information or context, please provide additional details about what you are looking for.","소독 공정 전차염 주입률 예측 모델의 성능평가 결과, R² 값은 얼마인가요?",18,0.6052631578947368,35,9,20184,33
16,0.7889302461314915,efeba260aa17,1,69,none,69,8,0.8840579710144928,12300,비상시에는 AI 추천 모드 등으로 운영 모드를 변경할 수 있습니다.,0,19,9,"['착수', '공정에서', 'ai', '제어', '알람', '발생', '비상시에', '운영', '모드를', '어떻게', '변경할', '있나요']",69,llama3:8b-instruct-q4_K_M,0,0,1.0,0.5407407407407407,"According to the user manual, when an AI-controlled alarm occurs in the startup process, you can change the operating mode as follows:

1. Log in to the system and click on the ""Alarm"" button.
2. Select the ""Startup Process"" tab and click on the ""Operating Mode"" button.
3. Choose the desired operating mode from the dropdown menu (e.g., ""Auto"", ""Manual"", etc.).
4. Confirm your selection by clicking on the ""OK"" button.

By following these steps, you can change the operating mode of the startup process in response to an AI-controlled alarm.",착수 공정에서 AI 제어 알람 발생 시 비상시에 운영 모드를 어떻게 변경할 수 있나요?,16,0.5652173913043479,84,9,13510,32
14,0.6461289857315529,efeba260aa17,1,70,none,70,0,1.0,14077,"전력 소비현황은 kWh, 탄소 절감 현황은 kg 단위로 표시됩니다.",0,20,8,"['ems', '대시보드에서', '전력', '소비현황과', '탄소', '절감', '현황은', '어떤', '단위로', '표시되나요']",70,llama3:8b-instruct-q4_K_M,0,0,0.6666666666666666,0.475,"Based on the provided user manual, I can answer your question.

In the EMS (Energy Management System) dashboard, the power consumption status is displayed in units of kWh (kilowatt-hours), and the carbon reduction status is displayed in units of kgCO2e (kilograms of CO2 equivalent).

Specifically, the EMS dashboard displays the following information:

* Power consumption: The current power consumption is displayed in real-time, with a unit of kWh.
* Carbon reduction: The current carbon reduction amount is displayed in real-time, with a unit of kgCO2e.

These units are used to provide a clear and concise representation of the energy consumption and carbon emission levels, allowing users to quickly understand the status of their energy usage and carbon footprint.",EMS 대시보드에서 전력 소비현황과 탄소 절감 현황은 어떤 단위로 표시되나요?,18,0.5652173913043479,100,8,15345,32
16,0.6965889238886683,efeba260aa17,1,79,none,79,0,1.0,15956,"자동 모드는 AI 알고리즘이 분석한 최적 펌프제어 운전으로 가동하며, 부분 모드는 AI 최적 운영 결과 변경 시 사용자 확인 후 계속 가동할지를 묻고 동작합니다.",0,21,8,"['ems의', '송수', '펌프', '세부', '현황에서', '자동', '모드', '부분', '차이점은', '무엇인가요']",79,llama3:8b-instruct-q4_K_M,0,0,1.0,0.30303030303030304,"According to the user manual, ""송수 펌프 세부 현황"" (Sub-Pump Status) in EMS (Energy Management System) has two modes: ""자동 모드"" (Auto Mode) and ""부분 모드"" (Partial Mode).

**자동 모드 (Auto Mode)**:

In Auto Mode, the system automatically adjusts the pump's operating conditions based on real-time monitoring data. This mode is suitable for situations where the system needs to adapt quickly to changing conditions.

**부분 모드 (Partial Mode)**:

In Partial Mode, the system allows manual intervention and control over specific pump parameters. This mode is suitable for situations where human oversight or precise control is required.

In summary, Auto Mode is an automated mode that adjusts pump operating conditions based on real-time data, while Partial Mode provides manual control over specific pump parameters.",EMS의 송수 펌프 세부 현황에서 '자동 모드'와 '부분 모드'의 차이점은 무엇인가요?,19,0.4347826086956522,136,8,17557,32
17,0.7387315993490713,efeba260aa17,1,81,none,81,0,1.0,19430,펌프의 세부 진동 값과 온도를 표시합니다.,0,22,8,"['pms', '대시보드에서', '펌프', '모터의', '자율', '진단', '기능은', '어떤', '정보를', '표시하나요']",81,llama3:8b-instruct-q4_K_M,0,0,1.0,0.47368421052631576,"The PMS (Plant Management System) dashboard provides the autonomous diagnosis function for pump motors. This feature displays various information, including:

1. Pump operation status: The current operating status of the pump is displayed, indicated by a red circle () for malfunctioning pumps and a blue circle () for functioning pumps.
2. Sensor values: The sensor values for the motor, such as vibration, temperature, and pressure, are displayed to monitor its condition.
3. Alarm history: A graph showing the alarm history for each pump motor is provided, indicating when alarms were triggered and what type of alarm it was.
4. Pump performance data: The performance data for each pump motor, including flow rate, pressure, and vibration, is displayed over time.
5. Diagnostic results: The diagnostic results for each pump motor are shown, highlighting any potential issues or malfunctions.

By displaying this information, the autonomous diagnosis function helps operators quickly identify and diagnose problems with their pump motors, enabling them to take proactive measures to prevent downtime and ensure smooth operation of the plant.",PMS 대시보드에서 펌프 모터의 자율 진단 기능은 어떤 정보를 표시하나요?,19,0.0,127,8,21085,35
16,0.7540095625094407,efeba260aa17,1,77,none,77,0,1.0,17351,"펌프의 부하/반부하, 총 진동량, 베어링 결함, 임펠러 결함, 캐비테이션 발생과 모터의 회전자 결함, 권선 온도, 축 정렬 불량, 질량 불평형, 베어링 온도 등을 확인할 수 있습니다.",0,23,9,"['pms', '송수', '펌프', '모터', '상세', '정보', '화면에서', '선택한', '펌프별로', '확인할', '있는', '모터의', '결함', '정보는', '무엇인가요']",77,llama3:8b-instruct-q4_K_M,0,0,1.0,0.5254237288135594,"Based on the provided system user manual for 정수장 (Water Supply System) and the corresponding QA section, I will answer your question.

According to the PMS 송수 펌프 모터 상세 정보 (Pump and Motor Detailed Information) screen in the Water Supply System, when you select a specific pump, you can check the fault information of the pump and motor as follows:

* Pump Fault Information:
	+ Check for any faults or errors that may have occurred during operation.
	+ View the fault codes, error messages, and other relevant details.
* Motor Fault Information:
	+ Monitor the motor's performance and detect any abnormal conditions or malfunctions.
	+ Access detailed information about the motor's health, including temperature, vibration, and current consumption.

Please note that these are general answers based on the provided manual. If you have specific questions or require further clarification, please feel free to ask!",PMS 송수 펌프 모터 상세 정보 화면에서 선택한 펌프별로 확인할 수 있는 펌프 및 모터의 결함 정보는 무엇인가요?,18,0.0,165,9,18977,40
18,0.8078238680781287,efeba260aa17,1,73,none,73,0,1.0,13668,"최소 OS는 Windows 7·32bit 또는 Windows Server 2008 Std 32bit 이상이며, 권장 OS는 Windows 10·64bit 또는 Windows Server 2016 Std 64bit 이상입니다.",0,24,9,"['irdc', 'iwater', 'real-time', 'data', 'center', '프로그램의', '시스템', '요구사항', '최소', 'os와', '권장', 'os는', '무엇인가요']",73,llama3:8b-instruct-q4_K_M,0,0,0.2,0.6682926829268293,"According to the provided user manual, the minimum operating system (OS) required for iRDC (iWater Real-time Data Center) program is not specified. However, it mentions that the recommended OS is not specified either.

But in another section, it lists the system requirements for iRDC, which includes:

* Operating System: Windows 10 or higher
* CPU: Intel Core i5 or equivalent
* RAM: 8 GB or more
* Storage: 1 TB or more

So, based on this information, we can conclude that the minimum OS required is not specified, but the recommended OS is Windows 10 or higher.",iRDC(iWater Real-time Data Center) 프로그램의 시스템 요구사항 중 최소 OS와 권장 OS는 무엇인가요?,18,0.7368421052631579,122,9,15018,39
15,0.7763268386892802,efeba260aa17,1,76,none,76,0,1.0,10206,iWater SCADA 시스템의 이중화 구성을 기반으로 Active-Standby 구조로 독립적으로 구성됩니다.,0,25,7,"['irdc', '프로그램의', '이중화', '구성은', '어떤', '구조로', '이루어져', '있나요']",76,llama3:8b-instruct-q4_K_M,0,0,1.0,0.5,"iRDC 프로그램의 이중화 구성은 Active-Standby 구조로 이루어져 있습니다. 즉, 하나의 프로그램이 두 개의 인스턴스를 생성하고, 하나는 Active 상태에서 실행되는 mentre 다른 하나는 Standby 상태에서 대기하는 구조입니다. 

따라서, 이중화 구성을 기반으로 독립적으로 iRDC와 iWater SCADA 구조로 구성되어 있습니다.",iRDC 프로그램의 이중화 구성은 어떤 구조로 이루어져 있나요?,19,1.0,115,7,11664,37
17,0.6106173219605244,efeba260aa17,1,65,none,65,10,0.8461538461538461,31266,"Docker 컨테이너의 서비스 상태 확인 명령어는 `docker ps -a`이며, 성공적으로 실행 중이면 ""Up"", 실패 시 ""Exited"" 등으로 표시됩니다.",0,26,9,"['ai', '플랫폼', '서버에서', 'docker', '컨테이너의', '서비스', '상태를', '확인하는', '명령어는', '무엇인가요']",65,llama3:8b-instruct-q4_K_M,0,0,0.0,0.391304347826087,"AI 플랫폼 서버에서 Docker 컨테이너의 서비스 상태를 확인하는 명령어는 다음과 같습니다.

* FileBeat: systemctl status filebeat, systemctl start filebeat, systemctl stop filebeat
* Docker: docker ps -a, docker start {container name}, docker stop {container name}, docker restart {container name}
* Zookeeper: docker ps --filter ""name=DGSWGC_AOS_ZOOKEEPER_001"", docker start DGSWGC_AOS_ZOOKEEPER_001, docker stop DGSWGC_AOS_ZOOKEEPER_001, docker restart DGSWGC_AOS_ZOOKEEPER_001
* Kafka: docker ps --filter ""name=DGSWGC_AOS_KAFKA_001"", docker start DGSWGC_AOS_KAFKA_001, docker stop DGSWGC_AOS_KAFKA_001, docker restart DGSWGC_AOS_KAFKA_001
* AOS_API: docker ps --filter ""name=DGSWGC_AOS_API_001"", docker start DGSWGC_AOS_API_001, docker stop DGSWGC_AOS_API_001, docker restart DGSWGC_AOS_API_001
* MariaDB: docker ps --filter ""name=DGSWGC_AOS_MARIADB1_001"" or ""docker ps --filter ""name=DGSWGC_AOS_MARIADB2_001"", docker start DGSWGC_AOS_MARIADB1_001 or ""docker start DGSWGC_AOS_MARIADB2_001, docker stop DGSWGC_AOS_MARIADB1_001 or ""docker stop DGSWGC_AOS_MARIADB2_001, docker restart DGSWGC_AOS_MARIADB1_001 or ""docker restart DGSWGC_AOS_MARIADB2_001

이러한 명령어를 사용하여 AI 플랫폼 서버에서 Docker 컨테이너의 서비스 상태를 확인할 수 있습니다.",AI 플랫폼 서버에서 Docker 컨테이너의 서비스 상태를 확인하는 명령어는 무엇인가요?,16,1.0,28,9,32340,46
18,0.8094080479629946,efeba260aa17,1,65,none,65,6,0.9076923076923077,23739,"반드시 AI 플랫폼 서버 #2 MariaDB부터, 그 다음 AI 플랫폼 서버 #1 MariaDB 순서로 재기동해야 합니다.",0,27,9,"['ai', '플랫폼', '서버에서', 'mariadb', '재시작', '갈레라', '클러스터', '동기화', '장애', '발생', '재기동', '순서는', '어떻게', '되나요']",65,llama3:8b-instruct-q4_K_M,0,0,1.0,0.6833333333333333,"[답변]

AI 플랫폼 서버에서 MariaDB 재시작 후 갈레라 클러스터 동기화 장애 발생 시, 다음 절차를 따르면 됩니다.

1. AI #2 MariaDB 서비스 중지
   - docker stop DGSWGC_AOS_MARIADB2_001

2. AI #1 MariaDB 서비스 구동
   - docker start DGSWGC_AOS_MARIADB1_001

3. Galera 클러스터 동기화 확인
   - show global status like ‘wsrep%_size’
   - show global status like ‘wsrep%_comment’

4. Galera 클러스터 동기화 완료 여부 확인
   - wsrep_cluster_size 2
     - 동기화 중인 경우, ""Doner/Desynced""가 표시됩니다.
     - 동기화 완료된 경우, ""Synced""가 표시됩니다.

5. AI #1 MariaDB 서비스 재시작
   - docker restart DGSWGC_AOS_MARIADB1_001

6. Galera 클러스터 동기화 확인 (재시작 후)
   - show global status like ‘wsrep%_size’
   - show global status like ‘wsrep%_comment’

이러한 절차를 따르면, MariaDB 재시작 후 갈레라 클러스터 동기화 장애가 발생할 때 이를 해결할 수 있습니다.",AI 플랫폼 서버에서 MariaDB 재시작 후 갈레라 클러스터 동기화 장애 발생 시 재기동 순서는 어떻게 되나요?,16,1.0,45,9,24752,33
16,0.8379465780170579,efeba260aa17,1,77,none,77,0,1.0,20581,"정수장 센서의 실시간 에너지 데이터를 활용해 일일·월별·연간 단위로 탄소 배출량/절감량을 분석하고, 결과를 시각화해 제공합니다.",0,28,7,"['탄소중립', '모니터링', '시스템의', '주요', '기능은', '무엇인가요']",77,llama3:8b-instruct-q4_K_M,0,0,1.0,0.68,"탄소중립 모니터링 시스템의 주요 기능은 다음과 같습니다.

1. 정수장에서 발생하는 에너지 소비와 탄소 배출을 실시간으로 모니터링하여 배출 현황을 정확히 파악하고 분석할 수 있습니다.
2. 운영 체제 및 서버 소프트웨어 정보를 제공하여 정수장의 운영을 지원합니다.
3. 실시간 데이터 대시보드를 구성하여 에너지 소비량, 에너지 절감량, 탄소 저감량 등을 시각화하여 사용자에게 제공합니다.
4. 탄소저감량은 해당 일의 전력 절감량에 전력 탄소 계수를 곱한 값을 표합니다.
5. 프론트 프로그램은 탄소중립 데이터를 화면에 시각화하여 사용자에게 제공하고, 실시간 수집되는 데이터는 주일 주기로 파티셔닝하여 관리합니다.

따라서, 탄소중립 모니터링 시스템의 주요 기능은 정수장에서 발생하는 에너지 소비와 탄소 배출을 실시간으로 모니터링하고, 사용자에게 제공하는 데이터를 분석하여 운영 효율성을 향상시키는 것입니다.",탄소중립 모니터링 시스템의 주요 기능은 무엇인가요?,16,0.4347826086956522,67,7,22108,34
16,0.6868490022556125,efeba260aa17,1,78,none,78,0,1.0,24162,"오늘 탄소저감량은 전력 절감량에 전력 탄소 계수(0.4663)를 곱한 값, 오늘 탄소배출량은 전력 사용량에 전력 탄소 계수(0.4663)를 곱한 값으로 계산됩니다.",0,29,8,"['탄소중립', '모니터링에서', '오늘', '탄소저감량', '탄소배출량', '각각', '어떻게', '계산되나요']",78,llama3:8b-instruct-q4_K_M,0,0,0.0,0.3492063492063492,"According to the Carbon Neutrality Monitoring System user manual, ""Today's Carbon Reduction"" and ""Today's Carbon Emissions"" are calculated as follows:

1. Today's Carbon Reduction (CO2 reduction):

The system calculates today's carbon reduction by multiplying the daily power consumption reduction with a CO2 emission factor.

Formula: Today's Carbon Reduction = Daily Power Consumption Reduction × CO2 Emission Factor

In this case, the CO2 emission factor is 0.4663.

Example: If the daily power consumption reduction is 10 kWh, then the today's carbon reduction would be:

Today's Carbon Reduction = 10 kWh × 0.4663 = 4.663 kgCO2

2. Today's Carbon Emissions (CO2 emissions):

The system calculates today's carbon emissions by multiplying the daily power consumption with a CO2 emission factor.

Formula: Today's Carbon Emissions = Daily Power Consumption × CO2 Emission Factor

In this case, the CO2 emission factor is also 0.4663.

Example: If the daily power consumption is 100 kWh, then the today's carbon emissions would be:

Today's Carbon Emissions = 100 kWh × 0.4663 = 46.63 kgCO2

These calculations are used to display the current carbon reduction and emissions levels on the system's dashboard.",탄소중립 모니터링에서 '오늘 탄소저감량'과 '오늘 탄소배출량'은 각각 어떻게 계산되나요?,19,1.0,59,8,25783,38
14,0.7682426488028252,efeba260aa17,1,71,none,71,2,0.971830985915493,15083,"'Nan' 표시는 SCADA에서 데이터를 읽어오지 못하거나 디스크 용량이 초과한 경우 발생합니다. 해결을 위해 SCADA 서버(SCADA, iRDC, Kafka)의 정상 동작을 점검하고, 정상이라면 AI 플랫폼 서버의 관련 서비스(SCADA, iRDC, Kafka)를 점검 및 조치해야 합니다.",0,30,9,"['ai', '플랫폼', '화면에', 'nan', '표시되는', '증상의', '원인과', '해결', '방법은', '무엇인가요']",71,llama3:8b-instruct-q4_K_M,0,0,1.0,0.3902439024390244,"According to the provided user manual, when the AI platform screen displays ""Nan"", it indicates a data collection and transmission error.

The cause of this issue is not specified in the manual, but based on the context, it seems that it may be related to a failure in collecting or transmitting data from sensors or other sources.

To resolve this issue, you can follow these steps:

1. Check the status of the sensors or data collection devices.
2. Verify that the data transmission process is functioning correctly.
3. If necessary, restart the data collection and transmission processes.
4. Check the log files to identify any errors or issues that may be causing the problem.

It's also important to note that this issue may require further investigation and troubleshooting to determine its root cause and implement a permanent solution.",AI 플랫폼 화면에 'Nan'이 표시되는 증상의 원인과 해결 방법은 무엇인가요?,19,0.5652173913043479,129,9,16439,35
