bm25_time_ms,cache_hit,confidence,config_hash,context_filled,deduped,fallback_used,filter_in,filter_out,filter_pass_rate,gen_time_ms,gold,hard_blocked,id,k_total,key_tokens,merged,model_name,neighbor_added,no_answer,numeric_preservation,overlap_ratio,pred,question,rerank_time_ms,score,snippet_warn_count,sources,total_time_ms,vector_time_ms
0,0,0.7020962750623407,79fb575691d9,1,67,none,67,12,0.8208955223880597,6606,"고산 정수장 시스템 사용자 설명서의 발주기관은 한국수자원공사이며, 사업명은 금강 유역 남부 스마트 정수장 확대 구축 용역입니다.",0,1,7,"['고산', '정수장', '시스템', '사용자', '설명서의', '발주기관과', '사업명은', '무엇인가요']",67,llama3:8b-instruct-q4_K_M,0,0,1.0,0.46078431372549017,"제문에서 찾을 수 있습니다. 발주기관은 ""한국수자원공사""이고, 사업명은 ""금강 유역(남부) 스마트 정수장 확대 구축 용역""입니다.",고산 정수장 시스템 사용자 설명서의 발주기관과 사업명은 무엇인가요?,18,1.0,81,7,7869,47
0,0,0.6005003434379955,79fb575691d9,1,78,none,78,0,1.0,4561,"이 시스템 사용자 설명서는 2025년 2월 17일에 발행되었고, (주)에셈블 컨소시엄에서 작성했습니다.",0,2,7,"['시스템', '사용자', '설명서의', '발행일은', '언제이며', '어떤', '컨소시엄에서', '작성했나요']",78,llama3:8b-instruct-q4_K_M,0,0,1.0,0.3162393162393162,문서에서 해당 정보를 확인할 수 없습니다.,"이 시스템 사용자 설명서의 발행일은 언제이며, 어떤 컨소시엄에서 작성했나요?",19,0.0,70,7,6259,25
0,0,0.6583164259766208,79fb575691d9,1,78,none,78,0,1.0,8857,고산 정수장에 대한 단계별 시운전 및 성능 검증 시험 운전 완료에 따라 지사 중심의 AI 자율 운영과 전 공정 선택적 자율 운영 등 시스템의 활용성 강화 및 안정적인 운영을 위한 전반적인 정보를 제공하는 것입니다.,0,3,7,"['시스템', '사용자', '설명서의', '주요', '목적은', '무엇인가요']",78,llama3:8b-instruct-q4_K_M,0,0,1.0,0.4533333333333333,"이 시스템 사용자 설명서의 주요 목적은 금강유역(남부) 스마트 정수장 확대 구축 용역 시스템을 사용하는 사용자가 시스템을正确하게 사용하고, 효율적으로 운영할 수 있도록 하는 것입니다. 이 문서에서는 시스템의 구성, 기능, 사용법 등을 설명하여 사용자들이 쉽게 이해하고 사용할 수 있도록 하였다.",이 시스템 사용자 설명서의 주요 목적은 무엇인가요?,19,0.4347826086956522,115,7,10581,36
0,0,0.7081649089823704,79fb575691d9,1,68,none,68,10,0.8529411764705882,8643,AI 플랫폼 대시보드 주소는 http://waio-portal-vip:10011 또는 http://10.103.11.112:10011 입니다.,0,4,7,"['ai', '플랫폼', '대시보드에', '접속하기', '위한', '주소', 'url', '무엇인가요']",68,llama3:8b-instruct-q4_K_M,0,0,1.0,0.5151515151515151,"[답변]
AI 플랫폼 대시보드에 접속하기 위한 주소(URL)은 다음과 같습니다.
http://waio-portal-vip:10011
또는 WEB VIP로 설정된 IP 주소를 사용할 수도 있습니다.
(http://10.103.11.112:10011, http://10.103.11.113:10011, http://10.103.11.114:10011)",AI 플랫폼 대시보드에 접속하기 위한 주소(URL)는 무엇인가요?,19,1.0,101,7,9937,30
0,0,0.7371225340084127,79fb575691d9,1,68,none,68,10,0.8529411764705882,9084,기본 관리자 계정의 아이디와 비밀번호는 모두 KWATER입니다.,0,5,9,"['ai', '플랫폼에', '로그인할', '사용할', '있는', '기본', '관리자', '계정의', '아이디와', '비밀번호는', '무엇인가요']",68,llama3:8b-instruct-q4_K_M,0,0,1.0,0.6190476190476191,"The basic administrator account for the AI platform is:

* ID: `admin`
* Password: `password` (note that this password may need to be changed after the first login)

Please note that these credentials are subject to change, and you should check with your organization's IT department or system administrator if you have any questions about the actual login credentials.",AI 플랫폼에 로그인할 때 사용할 수 있는 기본 관리자 계정의 아이디와 비밀번호는 무엇인가요?,21,0.0,110,9,10464,40
0,0,0.7014039751603549,79fb575691d9,1,70,none,70,12,0.8285714285714286,10910,"자율 운영 대시보드는 상단 영역, 좌측 사이드바 영역, 중앙 콘텐츠 영역, 우측 메뉴 영역의 4가지 영역으로 구성됩니다.",0,6,9,"['ai', '플랫폼의', '자율', '운영', '대시보드는', '크게', '가지', '영역으로', '나누어지나요']",70,llama3:8b-instruct-q4_K_M,0,0,1.0,0.5945945945945946,"According to the provided documentation, the AI platform's autonomous operation dashboard is divided into the following five areas:

1. 상단 영역 (Top area): This includes the login information and other system settings.
2. 중앙 콘텐츠 영역 (Central content area): This is where the actual operational data is displayed, including real-time data from the SCADA system and AI algorithm results.

Please let me know if you have any further questions or if there's anything else I can help you with! 😊",AI 플랫폼의 자율 운영 대시보드는 크게 몇 가지 영역으로 나누어지나요?,21,0.4,94,9,12327,28
0,0,0.6593742734686483,79fb575691d9,1,64,none,64,8,0.875,18437,"정수 수요량과 정수지 수위를 참고하여 목표 수위를 결정하고, 원수 유입 밸브 개도율을 예측하는 데 활용됩니다.",0,7,10,"['착수', '공정에서', 'ai', '모델은', '어떤', '목표', '수위를', '결정하고', '원수', '유입', '밸브', '개도율을', '예측하기', '위해', '활용되나요']",64,llama3:8b-instruct-q4_K_M,0,0,1.0,0.49696969696969695,"According to the user manual, in the ""착수"" (start-up) process of the smart water treatment system, AI models are used to predict the optimal flow rate and operating conditions for each process step.

The AI model determines the optimal operating setpoints based on various factors such as water quality parameters (pH, alkalinity, temperature, etc.), flow rates, and other relevant data. The model is trained using historical data and real-time sensor readings to optimize the operation of the treatment plant.

In particular, the AI model predicts:

1. Optimal flow rate: The AI model predicts the optimal flow rate for each process step based on water quality parameters and operating conditions.
2. Operating setpoints: The AI model determines the optimal operating setpoints (e.g., pH, alkalinity, temperature) for each process step to ensure efficient treatment of wastewater.
3. Valve opening/closing: The AI model predicts when to open or close valves in each process step to optimize flow rates and treatment efficiency.

By using AI models, the smart water treatment system can automate many processes and improve the overall efficiency and effectiveness of wastewater treatment.",착수 공정에서 AI 모델은 어떤 목표 수위를 결정하고 원수 유입 밸브 개도율을 예측하기 위해 활용되나요?,23,0.0,27,10,19765,56
0,0,0.7751738013329982,79fb575691d9,1,68,none,68,12,0.8235294117647058,16388,"제어 임계치 설정, 채터링 방지 설정, 제어 스텝 설정, 1지 2지 군집 유량 분배 등을 고려합니다.",0,8,9,"['착수', '공정의', '유입', '밸브', '개도', '예측', '알고리즘', '선정', '고려', '사항은', '무엇인가요']",68,llama3:8b-instruct-q4_K_M,0,0,1.0,0.7350427350427351,"According to the provided QA documentation, when selecting a prediction algorithm for the intake valve opening of the primary treatment process (착수 공정), the following factors should be considered:

1. **Model performance**: The algorithm should have a high accuracy and precision in predicting the intake valve opening based on historical data.
2. **Complexity**: The algorithm should be able to handle complex relationships between variables, such as nonlinear correlations and interactions.
3. **Interpretability**: The algorithm should provide insights into the factors that affect the intake valve opening, allowing for informed decision-making.
4. **Scalability**: The algorithm should be able to handle large datasets and adapt to changing conditions in real-time.
5. **Robustness**: The algorithm should be robust against outliers and noise in the data.

Based on these considerations, the XGB (Extreme Gradient Boosting) model was selected as the best-performing algorithm for predicting intake valve opening.",착수 공정의 유입 밸브 개도 예측 알고리즘 선정 시 고려 사항은 무엇인가요?,21,0.6,14,9,17815,33
0,0,0.6621316789739864,79fb575691d9,1,73,none,73,4,0.9452054794520548,14784,‘분석’ 모드에서는 예측값이 실제 SCADA에 적용되지 않습니다.,0,9,9,"['착수', '공정의', 'ai', '운영', '모드', '분석', '모드의', '특징은', '무엇인가요']",73,llama3:8b-instruct-q4_K_M,0,0,1.0,0.31683168316831684,"The ""Analysis"" mode in the AI operating mode of the Settlement Process (착수 공정) is a feature that allows the AI to analyze and predict the behavior of the settlement process, but it does not apply the predicted values to control the process. Instead, it provides a recommendation for the user to decide whether to accept or reject the predicted values.

In other words, in ""Analysis"" mode, the AI analyzes the data and makes predictions about what should happen next, but it does not automatically take action based on those predictions. The user still has to review the recommendations made by the AI and make a decision on whether to accept or reject them.

This is different from the ""Control"" mode, where the AI applies its predicted values directly to control the process without human intervention.",착수 공정의 AI 운영 모드 중 '분석' 모드의 특징은 무엇인가요?,20,0.0,59,9,16379,29
0,0,0.7190413098249175,79fb575691d9,1,71,none,71,8,0.8873239436619719,9880,"원수 알칼리도, pH, 온도, 전기전도도, 탁도 등이 입력변수로 사용됩니다.",0,10,9,"['약품', '공정', 'ai', '모델의', '입력변수로', '사용되는', '원수', '수질', '인자들은', '무엇인가요']",71,llama3:8b-instruct-q4_K_M,0,0,1.0,0.4824561403508772,"According to the documentation, the input variables for the coagulant injection rate prediction model in the water treatment process are:

* Water temperature
* pH level
* TDS (Total Dissolved Solids) level
* Coagulant current injection rate
* Target residual chlorine
* Current residual chlorine

These input variables are used to predict the optimal coagulant injection rate for effective water treatment.",약품 공정 AI 모델의 입력변수로 사용되는 원수 수질 인자들은 무엇인가요?,23,0.5652173913043479,35,9,11422,32
0,0,0.5980607461371363,79fb575691d9,1,60,none,60,8,0.8666666666666667,17672,"최종 선정된 모델은 N-beats이며, LSTM, GRU, GBR 모델들과 비교했을 때 R² Score가 더 높았기 때문입니다.",0,11,9,"['약품', '공정에서', '응집제', '주입률', '예측', '모델로', '최종', '선정된', '모델과', '선정', '사유는', '무엇인가요']",60,llama3:8b-instruct-q4_K_M,0,0,0.0,0.47058823529411764,"Based on the provided text, the final selected model for predicting the coagulant injection rate in the water treatment process is the XGBoost model. The selection of this model was based on its high performance metrics, such as MAE (Mean Absolute Error), MSE (Mean Squared Error), and R² (Coefficient of Determination).

Here are the specific details:

* MAE: 0.0215
* MSE: 0.0016
* R²: 0.95

These results indicate that the XGBoost model has a high degree of accuracy in predicting the coagulant injection rate, and its performance is significantly better than other models considered.

The selection of the XGBoost model was likely due to its ability to handle complex data relationships and non-linear interactions between variables, which are common characteristics of water treatment processes. Additionally, XGBoost is a popular and widely-used machine learning algorithm that has been shown to perform well in various applications, including predicting continuous values such as coagulant injection rates.",약품 공정에서 응집제 주입률 예측 모델로 최종 선정된 모델과 그 선정 사유는 무엇인가요?,20,1.0,42,9,18834,32
0,0,0.6576930168504993,79fb575691d9,1,79,none,79,2,0.9746835443037974,11829,응집지별 각 교반기의 회전속도 설정값(RPM)을 산출하고 적용하는 것이 목표입니다.,0,12,7,"['혼화응집', '공정', 'ai의', '목표는', '무엇이며', '어떤', '값을', '산출하는', '것인가요']",79,llama3:8b-instruct-q4_K_M,0,0,1.0,0.22857142857142856,"혼화 응집 공정 AI의 목표는 응집지 별 각 교반기의 회전속도(RPM) 설정값을 산출하고 적용하는 것입니다.

AI 모델은 주요 TAG 데이터 및 설비 기본 자료를 활용하여 교반 강도(최적 G 값)를 계산하고, 응집지 분당 회전수를 계산합니다. 또한, 수온, 교반 강도(G) 등 변수에 따른 응집지 최적 분당 회전수(RPM) 계산을 핵심 내용으로 합니다.","혼화응집 공정 AI의 목표는 무엇이며, 어떤 값을 산출하는 것인가요?",22,1.0,31,7,13709,32
0,0,0.5761559392087438,79fb575691d9,1,71,none,71,8,0.8873239436619719,13146,"원수 탁도, 유입 총 유량, 응집제 주입률, NaOH 주입률, 활성탄 투입률이 초기 입력변수로 사용됩니다.",0,13,7,"['침전', '공정', 'ai', '모델의', '초기', '입력변수는', '무엇인가요']",71,llama3:8b-instruct-q4_K_M,0,0,1.0,0.52,"문서에서 해당 정보를 확인할 수 없습니다. 따라서, 침전 공정 AI 모델의 초기 입력변수를 답변하여 드리겠습니다.

하지만, 문서에 있는 정보를 기반으로 추측해 보겠습니다.

침전 공정 AI 모델의 초기 입력변수는 다음과 같습니다.

* 원수 유입 유량
* 여과지 운영 지수
* 여과지별 수위
* 여과 지속 시간
* 여과 속도

이러한 입력변수를 활용하여 슬러지 발생량 예측을 수행하고, 슬러지 수집기 대차 운전 스케줄 결정을 목표로 합니다.",침전 공정 AI 모델의 초기 입력변수는 무엇인가요?,20,0.4347826086956522,23,7,14717,41
0,0,0.7539684228501733,79fb575691d9,1,76,none,76,0,1.0,11634,슬러지 발생량은 원수 탁도(0.72)와 응집제 주입률(0.7)과 가장 높은 양의 상관관계를 보입니다.,0,14,8,"['슬러지', '발생량과', '가장', '높은', '양의', '상관관계를', '보이는', '변수는', '무엇이며', '상관계수는', '얼마인가요']",76,llama3:8b-instruct-q4_K_M,0,0,1.0,0.5862068965517241,"According to the user manual, the variable that shows the highest correlation with sludge generation is the ""원수 탁도"" (water turbidity), and its correlation coefficient is 0.972951.

In other words, a strong positive correlation exists between water turbidity and sludge generation, indicating that as water turbidity increases, sludge generation also tends to increase.

This finding suggests that monitoring water turbidity can be an important factor in predicting and controlling sludge generation in the treatment process.","슬러지 발생량과 가장 높은 양의 상관관계를 보이는 변수는 무엇이며, 그 상관계수는 얼마인가요?",24,0.4,12,8,13452,35
0,0,0.6886004907187253,79fb575691d9,1,71,none,71,6,0.9154929577464789,16602,"여과 공정 운영 지수 예측, 여과지별 수위 예측, 역세척 스케줄 결정을 목표로 합니다.",0,15,7,"['여과', '공정', 'ai', '모델의', '목표는', '무엇인가요']",71,llama3:8b-instruct-q4_K_M,0,0,1.0,0.4166666666666667,"문서에서 여과 공정 AI 모델의 목표는 다음과 같습니다.

* 운영 지수 예측 : 여과지 상태에 따라 운영 지수를 계산하여 예측합니다.
* 여과지별 수위 예측 : 여과지 상태를 기반으로 여과지의 수위를 예측합니다.
* 역세척 스케줄 결정을 도출 : 24시간 여과지 운영 스케줄을 결정하고, 역세척 시점을 도출합니다.

이러한 목표를 달성하기 위해 AI 모델은 다음과 같은 단계를 거칩니다.

1. 운영 지수 계산
2. 여과지 상태 확인
3. 수위 예측
4. 역세척 스케줄 결정을 도출

따라서, 여과 공정 AI 모델의 목표는 여과 공정의 자율 운영을 지원하여 정수장의 수질을 제어하고 유지하는 것입니다.",여과 공정 AI 모델의 목표는 무엇인가요?,20,1.0,20,7,18126,30
0,0,0.7089863684457726,79fb575691d9,1,65,none,65,10,0.8461538461538461,15739,"LSTM(Long Short-Term Memory Network)이 선정되었으며, R² 성능이 가장 높고 시계열 데이터 모델링에 적합하기 때문입니다.",0,16,9,"['여과', '공정의', '운영', '지수', '여과지', '수위', '예측', '모델로', '선정된', '모델과', '선정', '사유는', '무엇인가요']",65,llama3:8b-instruct-q4_K_M,0,0,0.0,0.5323741007194245,"According to the user manual, the selected model for predicting the operating index and filter bed level of the filtration process is a machine learning-based model.

The reasoning behind this selection is as follows:

* The selected model is able to accurately predict the operating index and filter bed level based on historical data and real-time data from the water treatment plant.
* The model has been trained using a large dataset of over 2.6 million rows, which provides a high degree of accuracy in its predictions.
* The model has been validated through various statistical tests, such as cross-validation and mean absolute error (MAE), to ensure that it is reliable and accurate.
* The selected model is able to adapt to changes in the water treatment process and adjust its predictions accordingly.

The specific machine learning algorithm used in this model is a neural network-based algorithm, which has been shown to be effective in predicting complex systems such as water treatment plants.",여과 공정의 운영 지수 및 여과지 수위 예측 모델로 선정된 모델과 선정 사유는 무엇인가요?,23,0.5652173913043479,26,9,17047,31
0,0,0.6409060932113368,79fb575691d9,1,69,none,69,8,0.8840579710144928,7966,"체류시간 내 잔류염소 예측, 잔류염소 농도 유지를 위한 투입량 예측, 전차염 주입량 결정을 목표로 합니다.",0,17,7,"['소독', '공정', 'ai', '모델의', '목표는', '무엇인가요']",69,llama3:8b-instruct-q4_K_M,0,0,1.0,0.31666666666666665,"문서에서 해당 정보를 확인할 수 있습니다. 

소독 공정 AI 모델의 목표는 ""체류시간 내 잔류염소 예측, 잔류염소 농도 유지를 위한 투입량 예측, 전차염 주입량 결정""입니다.",소독 공정 AI 모델의 목표는 무엇인가요?,19,1.0,20,7,9337,24
0,0,0.6829440816799409,79fb575691d9,1,64,none,64,8,0.875,12786,소독 공정 전차염 주입률 예측 모델(LSTM)의 R² 값은 0.95입니다.,0,18,9,"['소독', '공정', '전차염', '주입률', '예측', '모델의', '성능평가', '결과', '값은', '얼마인가요']",64,llama3:8b-instruct-q4_K_M,0,0,0.0,0.6581196581196581,"Based on the text, the performance evaluation result of the disinfection process (전차염) injection rate prediction model is as follows:

* R² value: 0.972
* MAE (Mean Absolute Error): 0.406
* MSE (Mean Squared Error): 0.854

These values indicate that the model has a high accuracy and robustness in predicting the disinfection process (전차염) injection rate.

Note that these values are based on the comparison with other models, such as LSTM-GRU, and XGB (Extreme Gradient Boosting). The model with the highest R² value is considered to be the best performer.","소독 공정 전차염 주입률 예측 모델의 성능평가 결과, R² 값은 얼마인가요?",22,0.6052631578947368,28,9,14042,30
0,0,0.7160418137468916,79fb575691d9,1,67,none,67,14,0.7910447761194029,13260,비상시에는 AI 추천 모드 등으로 운영 모드를 변경할 수 있습니다.,0,19,9,"['착수', '공정에서', 'ai', '제어', '알람', '발생', '비상시에', '운영', '모드를', '어떻게', '변경할', '있나요']",67,llama3:8b-instruct-q4_K_M,0,0,1.0,0.6222222222222222,"According to the user manual, when an alarm occurs in the initial sedimentation (착수) process and is caused by AI control, you can change the operation mode in emergency situations as follows:

1. Identify the cause of the alarm: Check the alarm message and determine the cause of the issue.
2. Change the operation mode: Select the ""AI 운영 모드 변경"" menu and choose the individual or overall operation mode change option.
3. Confirm the change: Confirm the changed operation mode to ensure that it is set correctly.

Note: The specific steps may vary depending on the exact situation and the user's role (운용자 or 관리자). It is recommended to refer to the user manual for detailed instructions.",착수 공정에서 AI 제어 알람 발생 시 비상시에 운영 모드를 어떻게 변경할 수 있나요?,21,1.0,86,9,14593,31
0,0,0.6405599462169899,79fb575691d9,1,72,none,72,5,0.9305555555555556,9674,"전력 소비현황은 kWh, 탄소 절감 현황은 kg 단위로 표시됩니다.",0,20,8,"['ems', '대시보드에서', '전력', '소비현황과', '탄소', '절감', '현황은', '어떤', '단위로', '표시되나요']",72,llama3:8b-instruct-q4_K_M,0,0,1.0,0.43333333333333335,"According to the manual, in the EMS dashboard, the power consumption and carbon emission reduction are displayed in the following units:

* Power consumption: kWh (kilowatt-hours)
* Carbon emission reduction: kgCO2 (kilograms of CO2)

Please note that these units may vary depending on the specific configuration of your system. If you have any further questions or concerns, please feel free to ask! 😊",EMS 대시보드에서 전력 소비현황과 탄소 절감 현황은 어떤 단위로 표시되나요?,20,0.5652173913043479,107,8,11193,35
0,0,0.5827968845807464,79fb575691d9,1,76,none,76,0,1.0,19509,"자동 모드는 AI 알고리즘이 분석한 최적 펌프제어 운전으로 가동하며, 부분 모드는 AI 최적 운영 결과 변경 시 사용자 확인 후 계속 가동할지를 묻고 동작합니다.",0,21,8,"['ems의', '송수', '펌프', '세부', '현황에서', '자동', '모드', '부분', '차이점은', '무엇인가요']",76,llama3:8b-instruct-q4_K_M,0,0,1.0,0.24242424242424243,"The difference between ""自動 모드"" (Auto Mode) and ""부분 모드"" (Partial Mode) in the EMS's song-su pump detailed status is as follows:

**自動 モード (Auto Mode)**: In this mode, the AI system makes decisions to control the pumps based on real-time data from sensors. The system continuously monitors the water flow rate, pressure, and other parameters, and adjusts the pump operation accordingly.

* Advantages:
	+ Optimizes pump performance for maximum efficiency
	+ Reduces energy consumption
	+ Improves water quality by maintaining optimal pressure and flow rates

**부분 モード (Partial Mode)**: In this mode, the AI system provides recommendations to the operator based on real-time data from sensors. The operator can then manually adjust the pump operation according to their expertise.

* Advantages:
	+ Allows operators to exercise control over the pumps
	+ Provides insights and suggestions for optimal pump performance
	+ Can be used when Auto Mode is not feasible or preferred

In summary, Auto Mode is an autonomous mode where the AI system controls the pumps based on real-time data, while Partial Mode provides recommendations to the operator who can then adjust the pump operation manually.",EMS의 송수 펌프 세부 현황에서 '자동 모드'와 '부분 모드'의 차이점은 무엇인가요?,21,1.0,136,8,21181,37
0,0,0.6679964722857882,79fb575691d9,1,80,none,80,0,1.0,9867,펌프의 세부 진동 값과 온도를 표시합니다.,0,22,8,"['pms', '대시보드에서', '펌프', '모터의', '자율', '진단', '기능은', '어떤', '정보를', '표시하나요']",80,llama3:8b-instruct-q4_K_M,0,0,1.0,0.42105263157894735,"According to the user manual, in the PMS dashboard, the autonomous diagnosis function for pumps and motors displays the following information:

1. Pump motor operating status (정상 / 비정상)
2. Vibration data (총 진동량, 베어링 결함, 임펠러 결함, 캐비테이션 발생)
3. Motor bearing temperature (베어링 온도)",PMS 대시보드에서 펌프 모터의 자율 진단 기능은 어떤 정보를 표시하나요?,19,1.0,149,8,11683,30
0,0,0.6676790527988907,79fb575691d9,1,76,none,76,1,0.9868421052631579,16315,"펌프의 부하/반부하, 총 진동량, 베어링 결함, 임펠러 결함, 캐비테이션 발생과 모터의 회전자 결함, 권선 온도, 축 정렬 불량, 질량 불평형, 베어링 온도 등을 확인할 수 있습니다.",0,23,9,"['pms', '송수', '펌프', '모터', '상세', '정보', '화면에서', '선택한', '펌프별로', '확인할', '있는', '모터의', '결함', '정보는', '무엇인가요']",76,llama3:8b-instruct-q4_K_M,0,0,1.0,0.5254237288135594,"The PMS (Performance Monitoring System) song-su pump motor detailed information screen allows you to check the fault information of a selected pump and motor.

On this screen, you can see the following fault information:

* Pump faults:
	+ Overcurrent
	+ Undervoltage
	+ Overvoltage
	+ Temperature overload
	+ Vibration overload
	+ Other faults (e.g. clogged impeller, faulty control valve)
* Motor faults:
	+ Bearing failure
	+ Insulation breakdown
	+ Motor overheating
	+ Motor overloading
	+ Other faults (e.g. faulty commutator, loose connections)

This information is displayed in a table format, with the pump or motor name, fault type, and description of the fault.

By checking this screen, you can quickly identify any faults or issues with your pumps and motors, and take corrective action to prevent downtime and maintain optimal system performance.",PMS 송수 펌프 모터 상세 정보 화면에서 선택한 펌프별로 확인할 수 있는 펌프 및 모터의 결함 정보는 무엇인가요?,21,0.0,166,9,18052,31
0,0,0.7098463943713413,79fb575691d9,1,76,none,76,0,1.0,13271,"최소 OS는 Windows 7·32bit 또는 Windows Server 2008 Std 32bit 이상이며, 권장 OS는 Windows 10·64bit 또는 Windows Server 2016 Std 64bit 이상입니다.",0,24,9,"['irdc', 'iwater', 'real-time', 'data', 'center', '프로그램의', '시스템', '요구사항', '최소', 'os와', '권장', 'os는', '무엇인가요']",76,llama3:8b-instruct-q4_K_M,0,0,1.0,0.6585365853658537,"제 3.1.1.1 절에 따르면, iRDC(iWater Real-time Data Center) 프로그램의 시스템 요구 사항은 다음과 같습니다.

* 최소 OS : Windows 7·32bit, Windows Server 2008 Std 32bit
* 권장 OS : Windows 10·64bit 이상, Windows Server 2016 Std 64bit 이상

따라서, iRDC(iWater Real-time Data Center) 프로그램은 최소 Windows 7·32bit 또는 Windows Server 2008 Std 32bit을 요구하고, 권장하는 운영 체제는 Windows 10·64bit 이상 또는 Windows Server 2016 Std 64bit 이상입니다.",iRDC(iWater Real-time Data Center) 프로그램의 시스템 요구사항 중 최소 OS와 권장 OS는 무엇인가요?,21,1.0,157,9,14918,36
0,0,0.7082994057052466,79fb575691d9,1,79,none,79,0,1.0,9517,iWater SCADA 시스템의 이중화 구성을 기반으로 Active-Standby 구조로 독립적으로 구성됩니다.,0,25,7,"['irdc', '프로그램의', '이중화', '구성은', '어떤', '구조로', '이루어져', '있나요']",79,llama3:8b-instruct-q4_K_M,0,0,1.0,0.5,"iRDC 프로그램의 이중화 구성은 Active-Standby 구조입니다. Active 상태에서는 iRDC 프로그램이 실행되고, Pulse 신호를 SCADA에 전송합니다. Stand-By 상태에서는 iRDC 프로그램이 준비상태에あり, Active 상태가 변할 때마다 즉시 Active 상태로 변경됩니다. 이중화 구성에서는 Heartbeat 통신을 통해 각 서버 간의 상태를 확인하여 Failover 처리를 수행합니다.",iRDC 프로그램의 이중화 구성은 어떤 구조로 이루어져 있나요?,19,1.0,79,7,11267,27
0,0,0.6750333532554889,79fb575691d9,1,66,none,66,8,0.8787878787878788,16530,"Docker 컨테이너의 서비스 상태 확인 명령어는 `docker ps -a`이며, 성공적으로 실행 중이면 ""Up"", 실패 시 ""Exited"" 등으로 표시됩니다.",0,26,9,"['ai', '플랫폼', '서버에서', 'docker', '컨테이너의', '서비스', '상태를', '확인하는', '명령어는', '무엇인가요']",66,llama3:8b-instruct-q4_K_M,0,0,1.0,0.47101449275362317,"AI 플랫폼 서버에서 Docker 컨테이너의 서비스 상태를 확인하는 명령어는 다음과 같습니다.

① Docker 컨테이너 서비스의 상태 확인 명령어
- docker ps -a (성공: Up, 실패: Exited)
- systemctl status docker (실행 중: active(running), 미실행 중: inactive(dead))

참고로, AI 플랫폼 서버에서 Zookeeper 컨테이너 서비스의 상태 확인 명령어는 다음과 같습니다.

① Zookeeper 컨테이너 서비스의 상태 확인 명령어
- AI 플랫폼 서버 #1 docker ps --filter ""name=DGSWGC_AOS_ZOOKEEPER_001""
- AI 플랫폼 서버 #2 docker ps --filter ""name=DGSWGC_AOS_ZOOKEEPER_001""

이러한 명령어를 사용하여 Docker 컨테이너의 서비스 상태를 확인할 수 있습니다.",AI 플랫폼 서버에서 Docker 컨테이너의 서비스 상태를 확인하는 명령어는 무엇인가요?,20,1.0,21,9,17815,30
0,0,0.7472460911180715,79fb575691d9,1,67,none,67,12,0.8208955223880597,27828,"반드시 AI 플랫폼 서버 #2 MariaDB부터, 그 다음 AI 플랫폼 서버 #1 MariaDB 순서로 재기동해야 합니다.",0,27,9,"['ai', '플랫폼', '서버에서', 'mariadb', '재시작', '갈레라', '클러스터', '동기화', '장애', '발생', '재기동', '순서는', '어떻게', '되나요']",67,llama3:8b-instruct-q4_K_M,0,0,1.0,0.7166666666666667,"AI 플랫폼 서버에서 MariaDB 재시작 후 갈레라 클러스터 동기화 장애 발생 시 재기동 순서를 다음과 같이 수행해야 합니다.

1. AI 플랫폼 서버 #2 MariaDB 서비스 Down
   - AI 플랫폼 서버 #2 docker stop DGSWGC_AOS_MARIADB2_001

2. AI 플랫폼 서버 #1 MariaDB Galera cache 삭제 (해당 파일들이 없으면 skip)
   - cd /data/docker/volumes/mariadb_1/data
   - rm galera.cache
   - AI 플랫폼 서버 #1 rm grastate.dat
   - AI 플랫폼 서버 #1 rm gvwstate.dat

3. AI 플랫폼 서버 #1 MariaDB start
   - AI 플랫폼 서버 #1 docker start DGSWGC_AOS_MARIADB1_001

4. MariaDB 클러스터링 완료 확인(DB 접속하여 sql 실행)
   - AI 플랫폼 서버 #2 show global status like ‘wsrep%_size’;
     (실행 결과의 wsrep_cluster_size가 2면 클러스터링 완료)

5. MariaDB 동기화 상태 확인(DB 접속하여 sql 실행)
   - AI 플랫폼 서버 #2 show global status like ‘wsrep%_comment’;
     (실행 결과의 wsrep_local_state_comment가 Doner/Desynced면 동기화 중, Synced면 동기화 완료)

따라서, MariaDB 재시작 후 갈레라 클러스터 동기화 장애 발생 시는 AI 플랫폼 서버 #2에서 서비스 Down한 후, AI 플랫폼 서버 #1에 Galera cache를 삭제하고, 다시 AI 플랫폼 서버 #1의 MariaDB 서비스를 시작해야 합니다.",AI 플랫폼 서버에서 MariaDB 재시작 후 갈레라 클러스터 동기화 장애 발생 시 재기동 순서는 어떻게 되나요?,20,1.0,35,9,29125,39
0,0,0.6962740733866031,79fb575691d9,1,76,none,76,0,1.0,12483,"정수장 센서의 실시간 에너지 데이터를 활용해 일일·월별·연간 단위로 탄소 배출량/절감량을 분석하고, 결과를 시각화해 제공합니다.",0,28,7,"['탄소중립', '모니터링', '시스템의', '주요', '기능은', '무엇인가요']",76,llama3:8b-instruct-q4_K_M,0,0,1.0,0.68,"탄소중립 모니터링 시스템의 주요 기능은 다음과 같습니다.

가. 정수장에서 발생하는 탄소 배출량/절감량을 일, 월, 연도별로 모니터링하여 배출 현황을 정확히 파악하고 분석할 수 있습니다.
나. 정수장 운영 과정에서 발생하는 에너지 소비와 탄소 배출을 관리하여 운영 효율성을 향상시키고 비용을 절감할 수 있습니다.

따라서, 이 시스템은 정수장에서 발생하는 탄소 배출량/절감량을 모니터링하고 이를 기반으로 운영 효율성을 향상시키는 데 사용됩니다.",탄소중립 모니터링 시스템의 주요 기능은 무엇인가요?,22,1.0,87,7,14156,24
0,0,0.6714712640398462,79fb575691d9,1,81,none,81,0,1.0,15721,"오늘 탄소저감량은 전력 절감량에 전력 탄소 계수(0.4663)를 곱한 값, 오늘 탄소배출량은 전력 사용량에 전력 탄소 계수(0.4663)를 곱한 값으로 계산됩니다.",0,29,8,"['탄소중립', '모니터링에서', '오늘', '탄소저감량', '탄소배출량', '각각', '어떻게', '계산되나요']",81,llama3:8b-instruct-q4_K_M,0,0,1.0,0.3492063492063492,"According to the documentation, ""today's carbon emission reduction"" is calculated by multiplying the power consumption on that day by a carbon emissions coefficient (0.4663). This value represents the amount of carbon dioxide equivalent emissions reduced due to the optimized operation of the EMS system.

On the other hand, ""today's total carbon emissions"" is calculated by multiplying the power consumption on that day by another carbon emissions coefficient (also 0.4663). This value represents the total amount of carbon dioxide equivalent emissions generated on that day.

Here's a summary of how these values are calculated:

* Today's carbon emission reduction = Power consumption on that day × Carbon emissions coefficient (0.4663)
* Today's total carbon emissions = Power consumption on that day × Carbon emissions coefficient (0.4663)

I hope this clarifies the calculation process! If you have any further questions, feel free to ask. 😊",탄소중립 모니터링에서 '오늘 탄소저감량'과 '오늘 탄소배출량'은 각각 어떻게 계산되나요?,23,1.0,78,8,17613,32
0,0,0.6586530889748354,79fb575691d9,1,64,none,64,11,0.828125,11551,"'Nan' 표시는 SCADA에서 데이터를 읽어오지 못하거나 디스크 용량이 초과한 경우 발생합니다. 해결을 위해 SCADA 서버(SCADA, iRDC, Kafka)의 정상 동작을 점검하고, 정상이라면 AI 플랫폼 서버의 관련 서비스(SCADA, iRDC, Kafka)를 점검 및 조치해야 합니다.",0,30,9,"['ai', '플랫폼', '화면에', 'nan', '표시되는', '증상의', '원인과', '해결', '방법은', '무엇인가요']",64,llama3:8b-instruct-q4_K_M,0,0,1.0,0.34959349593495936,"According to the provided QA, the cause of the ""Nan"" display on the AI platform screen is a network error between SCADA and AI platform servers.

The solution involves temporarily storing untransmitted data in an emergency storage (Fluentd command) and restarting iRDC programs. Specifically:

1. Check the system for temporary storage of untransmitted data using Fluentd commands.
2. Restart iRDC programs to resolve the issue.

Please note that this is a summary based on the provided QA, and it's recommended to consult the original document for further details.",AI 플랫폼 화면에 'Nan'이 표시되는 증상의 원인과 해결 방법은 무엇인가요?,20,0.5652173913043479,164,9,12734,29
